id,name,model_id,group_id/id,operation,domain
mis_budget_item_access_base_user,mis.budget.item access base user,mis.budget.item,base.group_user,r,
mis_budget_item_access_adviser,mis.budget.item access adviser,mis.budget.item,account.group_account_manager,crud,
mis_budget_item_multi_company_rule,mis.budget.item multi company,mis.budget.item,,crud,"['|',('company_id','=',False),('company_id','in',company_ids)]"
mis_budget_access_base_user,mis.budget access base user,mis.budget,base.group_user,r,
mis_budget_access_adviser,mis.budget access adviser,mis.budget,account.group_account_manager,crud,
mis_budget_multi_company_rule,mis.budget multi company,mis.budget,,crud,"['|',('company_id','=',False),('company_id','in',company_ids)]"
mis_budget_by_account_item_access_base_user,mis.budget.by.account.item access base user,mis.budget.by.account.item,base.group_user,r,
mis_budget_by_account_item_access_adviser,mis.budget.by.account.item access adviser,mis.budget.by.account.item,account.group_account_manager,crud,
mis_budget_by_account_item_multi_company_rule,mis.budget.by.account.item multi company,mis.budget.by.account.item,,crud,"['|',('budget_id.company_id','=',False),('budget_id.company_id','in',company_ids)]"
mis_budget_by_account_access_base_user,mis.budget.by.account access base user,mis.budget.by.account,base.group_user,r,
mis_budget_by_account_access_adviser,mis.budget.by.account access adviser,mis.budget.by.account,account.group_account_manager,crud,
mis_budget_by_account_multi_company_rule,mis.budget.by.account multi company,mis.budget.by.account,,crud,"['|',('company_id','=',False),('company_id', 'in', company_ids)]"
